<?xml version="1.0" encoding="UTF-8"?>
<export version="E">
  <design>
    <source>C:\Users\Hoox\Documents\KiCad\Kicad_Aprs_AIO_v1.0\ESP32_APRS.kicad_sch</source>
    <date>20.02.2023 19:59:09</date>
    <tool>Eeschema (6.0.9)</tool>
    <sheet number="1" name="/" tstamps="/">
      <title_block>
        <title>APRS_AIO_v1.0</title>
        <company/>
        <rev/>
        <date/>
        <source>ESP32_APRS.kicad_sch</source>
        <comment number="1" value="TA1AYH &amp; TA2PLT"/>
        <comment number="2" value=""/>
        <comment number="3" value=""/>
        <comment number="4" value=""/>
        <comment number="5" value=""/>
        <comment number="6" value=""/>
        <comment number="7" value=""/>
        <comment number="8" value=""/>
        <comment number="9" value=""/>
      </title_block>
    </sheet>
  </design>
  <components>
    <comp ref="Brd1">
      <value>INPUT</value>
      <footprint>Connector_JST:JST_XH_B6B-XH-AM_1x06_P2.50mm_Vertical</footprint>
      <libsource lib="PIN" part="INPUT" description=""/>
      <property name="Sheetname" value=""/>
      <property name="Sheetfile" value="ESP32_APRS.kicad_sch"/>
      <sheetpath names="/" tstamps="/"/>
      <tstamps>03117da4-53c6-4872-b9a4-f749cfdf873a</tstamps>
    </comp>
    <comp ref="Brd2">
      <value>SSD1306_1.3inch</value>
      <footprint>MS:OLED_SSD_1306</footprint>
      <libsource lib="ms" part="Modular_Soldering_Station-rescue_SSD1306-SSD1306-128x64_OLED" description=""/>
      <property name="Sheetname" value=""/>
      <property name="Sheetfile" value="ESP32_APRS.kicad_sch"/>
      <sheetpath names="/" tstamps="/"/>
      <tstamps>3cb88698-9d6b-42ed-b189-661b68874747</tstamps>
    </comp>
    <comp ref="Brd3">
      <value>GPS</value>
      <footprint>Connector_PinHeader_2.54mm:PinHeader_1x05_P2.54mm_Vertical</footprint>
      <libsource lib="RF_GPS" part="GPS" description=""/>
      <property name="Sheetname" value=""/>
      <property name="Sheetfile" value="ESP32_APRS.kicad_sch"/>
      <sheetpath names="/" tstamps="/"/>
      <tstamps>2f875af6-e5f1-49be-bc75-93ec48351e65</tstamps>
    </comp>
    <comp ref="C1">
      <value>0.1u</value>
      <footprint>Capacitor_THT:C_Disc_D3.4mm_W2.1mm_P2.50mm</footprint>
      <libsource lib="Device" part="C" description="Unpolarized capacitor"/>
      <property name="Sheetname" value=""/>
      <property name="Sheetfile" value="ESP32_APRS.kicad_sch"/>
      <sheetpath names="/" tstamps="/"/>
      <tstamps>a8ef9067-3fda-44a7-8066-cace7fa4b33a</tstamps>
    </comp>
    <comp ref="C2">
      <value>0.1u</value>
      <footprint>Capacitor_THT:C_Disc_D3.4mm_W2.1mm_P2.50mm</footprint>
      <libsource lib="Device" part="C" description="Unpolarized capacitor"/>
      <property name="Sheetname" value=""/>
      <property name="Sheetfile" value="ESP32_APRS.kicad_sch"/>
      <sheetpath names="/" tstamps="/"/>
      <tstamps>0384afe5-ebfe-4d8c-956a-ad69a3620766</tstamps>
    </comp>
    <comp ref="C3">
      <value>0.1u</value>
      <footprint>Capacitor_THT:C_Disc_D3.4mm_W2.1mm_P2.50mm</footprint>
      <libsource lib="Device" part="C" description="Unpolarized capacitor"/>
      <property name="Sheetname" value=""/>
      <property name="Sheetfile" value="ESP32_APRS.kicad_sch"/>
      <sheetpath names="/" tstamps="/"/>
      <tstamps>d7c0c004-e632-410b-bcfb-62e9b62230d9</tstamps>
    </comp>
    <comp ref="C4">
      <value>0.1u</value>
      <footprint>Capacitor_THT:C_Disc_D3.4mm_W2.1mm_P2.50mm</footprint>
      <libsource lib="Device" part="C" description="Unpolarized capacitor"/>
      <property name="Sheetname" value=""/>
      <property name="Sheetfile" value="ESP32_APRS.kicad_sch"/>
      <sheetpath names="/" tstamps="/"/>
      <tstamps>b23d87e2-b58f-403c-a625-e2171e28fe42</tstamps>
    </comp>
    <comp ref="C5">
      <value>10nF</value>
      <footprint>Capacitor_THT:C_Disc_D3.4mm_W2.1mm_P2.50mm</footprint>
      <libsource lib="Device" part="C" description="Unpolarized capacitor"/>
      <property name="Sheetname" value=""/>
      <property name="Sheetfile" value="ESP32_APRS.kicad_sch"/>
      <sheetpath names="/" tstamps="/"/>
      <tstamps>6cdc5848-98ad-440a-8b46-ebf6c4851f57</tstamps>
    </comp>
    <comp ref="C6">
      <value>470uF</value>
      <footprint>Capacitor_THT:CP_Radial_D5.0mm_P2.50mm</footprint>
      <libsource lib="Device" part="C_Polarized" description="Polarized capacitor"/>
      <property name="Sheetname" value=""/>
      <property name="Sheetfile" value="ESP32_APRS.kicad_sch"/>
      <sheetpath names="/" tstamps="/"/>
      <tstamps>2b0ead62-a062-462d-b42b-10183acfcc43</tstamps>
    </comp>
    <comp ref="C7">
      <value>0.1u</value>
      <footprint>Capacitor_THT:C_Disc_D3.4mm_W2.1mm_P2.50mm</footprint>
      <libsource lib="Device" part="C" description="Unpolarized capacitor"/>
      <property name="Sheetname" value=""/>
      <property name="Sheetfile" value="ESP32_APRS.kicad_sch"/>
      <sheetpath names="/" tstamps="/"/>
      <tstamps>6dcef760-9bde-4087-8b5a-8529c9cc5206</tstamps>
    </comp>
    <comp ref="C8">
      <value>100uF</value>
      <footprint>Capacitor_THT:CP_Radial_D5.0mm_P2.50mm</footprint>
      <libsource lib="Device" part="C_Polarized" description="Polarized capacitor"/>
      <property name="Sheetname" value=""/>
      <property name="Sheetfile" value="ESP32_APRS.kicad_sch"/>
      <sheetpath names="/" tstamps="/"/>
      <tstamps>2236c897-b05b-424b-bc8f-0aa33cd2434a</tstamps>
    </comp>
    <comp ref="D1">
      <value>1N4148</value>
      <footprint>Diode_THT:D_T-1_P5.08mm_Horizontal</footprint>
      <datasheet>https://assets.nexperia.com/documents/data-sheet/1N4148_1N4448.pdf</datasheet>
      <libsource lib="Diode" part="1N4148" description="100V 0.15A standard switching diode, DO-35"/>
      <property name="Sheetname" value=""/>
      <property name="Sheetfile" value="ESP32_APRS.kicad_sch"/>
      <sheetpath names="/" tstamps="/"/>
      <tstamps>51318abe-1e35-4df9-9ae8-2aa9b423495b</tstamps>
    </comp>
    <comp ref="D2">
      <value>1N4148</value>
      <footprint>Diode_THT:D_T-1_P5.08mm_Horizontal</footprint>
      <datasheet>https://assets.nexperia.com/documents/data-sheet/1N4148_1N4448.pdf</datasheet>
      <libsource lib="Diode" part="1N4148" description="100V 0.15A standard switching diode, DO-35"/>
      <property name="Sheetname" value=""/>
      <property name="Sheetfile" value="ESP32_APRS.kicad_sch"/>
      <sheetpath names="/" tstamps="/"/>
      <tstamps>86e7b9f5-1ea5-4b72-b198-b4717c8eb8e3</tstamps>
    </comp>
    <comp ref="J1">
      <value>SQL_PIN</value>
      <footprint>Connector_PinHeader_2.54mm:PinHeader_1x03_P2.54mm_Vertical</footprint>
      <libsource lib="ms" part="Connector_Barrel_Jack_Switch_Pin3Ring" description=""/>
      <property name="Sheetname" value=""/>
      <property name="Sheetfile" value="ESP32_APRS.kicad_sch"/>
      <sheetpath names="/" tstamps="/"/>
      <tstamps>409073a5-6bac-41ea-887a-7bcb3820db9f</tstamps>
    </comp>
    <comp ref="JP1">
      <value>LM317 bypass</value>
      <footprint>Jumper:SolderJumper-2_P1.3mm_Open_Pad1.0x1.5mm</footprint>
      <libsource lib="Jumper" part="Jumper_2_Bridged" description="Jumper, 2-pole, closed/bridged"/>
      <property name="Sheetname" value=""/>
      <property name="Sheetfile" value="ESP32_APRS.kicad_sch"/>
      <sheetpath names="/" tstamps="/"/>
      <tstamps>8a67aad1-180e-472a-b381-72b736727010</tstamps>
    </comp>
    <comp ref="Q1">
      <value>2N3904</value>
      <footprint>Package_TO_SOT_THT:TO-18-3</footprint>
      <datasheet>https://www.onsemi.com/pub/Collateral/2N3903-D.PDF</datasheet>
      <libsource lib="Transistor_BJT" part="2N3904" description="0.2A Ic, 40V Vce, Small Signal NPN Transistor, TO-92"/>
      <property name="Sheetname" value=""/>
      <property name="Sheetfile" value="ESP32_APRS.kicad_sch"/>
      <sheetpath names="/" tstamps="/"/>
      <tstamps>b25a2673-997a-4ec8-bd1a-f9dacd013b9c</tstamps>
    </comp>
    <comp ref="R1">
      <value>470R</value>
      <footprint>Resistor_THT:R_Axial_DIN0204_L3.6mm_D1.6mm_P2.54mm_Vertical</footprint>
      <libsource lib="Device" part="R" description="Resistor"/>
      <property name="Sheetname" value=""/>
      <property name="Sheetfile" value="ESP32_APRS.kicad_sch"/>
      <sheetpath names="/" tstamps="/"/>
      <tstamps>b41fb970-1b01-408c-b3ed-1d495471abe4</tstamps>
    </comp>
    <comp ref="R2">
      <value>100R</value>
      <footprint>Resistor_THT:R_Axial_DIN0204_L3.6mm_D1.6mm_P2.54mm_Vertical</footprint>
      <libsource lib="Device" part="R" description="Resistor"/>
      <property name="Sheetname" value=""/>
      <property name="Sheetfile" value="ESP32_APRS.kicad_sch"/>
      <sheetpath names="/" tstamps="/"/>
      <tstamps>235d1121-e52e-4e78-80c0-e3f7a7daba2d</tstamps>
    </comp>
    <comp ref="R3">
      <value>10k</value>
      <footprint>Resistor_THT:R_Axial_DIN0204_L3.6mm_D1.6mm_P2.54mm_Vertical</footprint>
      <libsource lib="Device" part="R" description="Resistor"/>
      <property name="Sheetname" value=""/>
      <property name="Sheetfile" value="ESP32_APRS.kicad_sch"/>
      <sheetpath names="/" tstamps="/"/>
      <tstamps>d20e7bc0-7900-4eb5-bc5c-bc9cf72c5838</tstamps>
    </comp>
    <comp ref="R4">
      <value>10k</value>
      <footprint>Resistor_THT:R_Axial_DIN0204_L3.6mm_D1.6mm_P2.54mm_Vertical</footprint>
      <libsource lib="Device" part="R" description="Resistor"/>
      <property name="Sheetname" value=""/>
      <property name="Sheetfile" value="ESP32_APRS.kicad_sch"/>
      <sheetpath names="/" tstamps="/"/>
      <tstamps>d814ca5c-27bf-43a3-95ca-ae77896bffa4</tstamps>
    </comp>
    <comp ref="R5">
      <value>150R</value>
      <footprint>Resistor_THT:R_Axial_DIN0204_L3.6mm_D1.6mm_P2.54mm_Vertical</footprint>
      <libsource lib="Device" part="R" description="Resistor"/>
      <property name="Sheetname" value=""/>
      <property name="Sheetfile" value="ESP32_APRS.kicad_sch"/>
      <sheetpath names="/" tstamps="/"/>
      <tstamps>5973b671-dc2d-4569-a53f-ed0fe876d6b7</tstamps>
    </comp>
    <comp ref="R6">
      <value>1kR</value>
      <footprint>Resistor_THT:R_Axial_DIN0204_L3.6mm_D1.6mm_P2.54mm_Vertical</footprint>
      <libsource lib="Device" part="R" description="Resistor"/>
      <property name="Sheetname" value=""/>
      <property name="Sheetfile" value="ESP32_APRS.kicad_sch"/>
      <sheetpath names="/" tstamps="/"/>
      <tstamps>4798d469-acc8-4f45-9d88-e39a99d954fc</tstamps>
    </comp>
    <comp ref="R7">
      <value>10k</value>
      <footprint>Resistor_THT:R_Axial_DIN0204_L3.6mm_D1.6mm_P2.54mm_Vertical</footprint>
      <libsource lib="Device" part="R" description="Resistor"/>
      <property name="Sheetname" value=""/>
      <property name="Sheetfile" value="ESP32_APRS.kicad_sch"/>
      <sheetpath names="/" tstamps="/"/>
      <tstamps>7a3c1cce-d281-49a8-8e76-d1d0229a5b4e</tstamps>
    </comp>
    <comp ref="R8">
      <value>3k</value>
      <footprint>Resistor_THT:R_Axial_DIN0204_L3.6mm_D1.6mm_P2.54mm_Vertical</footprint>
      <libsource lib="Device" part="R" description="Resistor"/>
      <property name="Sheetname" value=""/>
      <property name="Sheetfile" value="ESP32_APRS.kicad_sch"/>
      <sheetpath names="/" tstamps="/"/>
      <tstamps>287f2008-0e6d-4fd7-99f4-86f5fbff964a</tstamps>
    </comp>
    <comp ref="R9">
      <value>1kR</value>
      <footprint>Resistor_THT:R_Axial_DIN0204_L3.6mm_D1.6mm_P2.54mm_Vertical</footprint>
      <libsource lib="Device" part="R" description="Resistor"/>
      <property name="Sheetname" value=""/>
      <property name="Sheetfile" value="ESP32_APRS.kicad_sch"/>
      <sheetpath names="/" tstamps="/"/>
      <tstamps>b1ed72ba-b0da-4c34-b6cf-9ea60c356c14</tstamps>
    </comp>
    <comp ref="R10">
      <value>1kR</value>
      <footprint>Resistor_THT:R_Axial_DIN0204_L3.6mm_D1.6mm_P2.54mm_Vertical</footprint>
      <libsource lib="Device" part="R" description="Resistor"/>
      <property name="Sheetname" value=""/>
      <property name="Sheetfile" value="ESP32_APRS.kicad_sch"/>
      <sheetpath names="/" tstamps="/"/>
      <tstamps>01678a5b-65d3-44d8-97eb-65b669cdbcd5</tstamps>
    </comp>
    <comp ref="RV1">
      <value>10k</value>
      <footprint>Potentiometer_THT:Potentiometer_Bourns_3386F_Vertical</footprint>
      <libsource lib="Device" part="R_Potentiometer" description="Potentiometer"/>
      <property name="Sheetname" value=""/>
      <property name="Sheetfile" value="ESP32_APRS.kicad_sch"/>
      <sheetpath names="/" tstamps="/"/>
      <tstamps>9107910a-953b-4d70-933e-63d87fcc54c0</tstamps>
    </comp>
    <comp ref="RV2">
      <value>1k</value>
      <footprint>Potentiometer_THT:Potentiometer_Bourns_3386F_Vertical</footprint>
      <libsource lib="Device" part="R_Potentiometer" description="Potentiometer"/>
      <property name="Sheetname" value=""/>
      <property name="Sheetfile" value="ESP32_APRS.kicad_sch"/>
      <sheetpath names="/" tstamps="/"/>
      <tstamps>40f3e86f-ab56-4ce2-b29f-2227a7fbdc38</tstamps>
    </comp>
    <comp ref="RV3">
      <value>50k</value>
      <footprint>Potentiometer_THT:Potentiometer_Bourns_3386F_Vertical</footprint>
      <libsource lib="Device" part="R_Potentiometer" description="Potentiometer"/>
      <property name="Sheetname" value=""/>
      <property name="Sheetfile" value="ESP32_APRS.kicad_sch"/>
      <sheetpath names="/" tstamps="/"/>
      <tstamps>1b113a7f-bec7-415d-a528-080968fecad9</tstamps>
    </comp>
    <comp ref="RX1">
      <value>LED</value>
      <footprint>LED_THT:LED_D3.0mm</footprint>
      <libsource lib="Device" part="LED" description="Light emitting diode"/>
      <property name="Sheetname" value=""/>
      <property name="Sheetfile" value="ESP32_APRS.kicad_sch"/>
      <sheetpath names="/" tstamps="/"/>
      <tstamps>f9c8a305-b6de-4b0a-b5d8-961a5564e4e3</tstamps>
    </comp>
    <comp ref="RX2">
      <value>1k</value>
      <footprint>Resistor_THT:R_Axial_DIN0204_L3.6mm_D1.6mm_P5.08mm_Horizontal</footprint>
      <libsource lib="Device" part="R" description="Resistor"/>
      <property name="Sheetname" value=""/>
      <property name="Sheetfile" value="ESP32_APRS.kicad_sch"/>
      <sheetpath names="/" tstamps="/"/>
      <tstamps>c510b283-125d-4fc4-9e66-8401f3b65066</tstamps>
    </comp>
    <comp ref="TX1">
      <value>LED</value>
      <footprint>LED_THT:LED_D3.0mm</footprint>
      <libsource lib="Device" part="LED" description="Light emitting diode"/>
      <property name="Sheetname" value=""/>
      <property name="Sheetfile" value="ESP32_APRS.kicad_sch"/>
      <sheetpath names="/" tstamps="/"/>
      <tstamps>ca47ab29-f18c-4655-b7b1-fc38d284094d</tstamps>
    </comp>
    <comp ref="TX2">
      <value>1k</value>
      <footprint>Resistor_THT:R_Axial_DIN0204_L3.6mm_D1.6mm_P5.08mm_Horizontal</footprint>
      <libsource lib="Device" part="R" description="Resistor"/>
      <property name="Sheetname" value=""/>
      <property name="Sheetfile" value="ESP32_APRS.kicad_sch"/>
      <sheetpath names="/" tstamps="/"/>
      <tstamps>ca680a65-6e35-4fef-9551-b4ab38821c93</tstamps>
    </comp>
    <comp ref="U1">
      <value>LM317_TO-220</value>
      <footprint>Package_TO_SOT_THT:TO-220-3_Vertical</footprint>
      <datasheet>http://www.ti.com/lit/ds/symlink/lm317.pdf</datasheet>
      <libsource lib="Regulator_Linear" part="LM317_TO-220" description="1.5A 35V Adjustable Linear Regulator, TO-220"/>
      <property name="Sheetname" value=""/>
      <property name="Sheetfile" value="ESP32_APRS.kicad_sch"/>
      <sheetpath names="/" tstamps="/"/>
      <tstamps>23080df5-c343-4836-b99b-a9399ce5029e</tstamps>
    </comp>
    <comp ref="U2">
      <value>ESP32-DEVKIT-V1</value>
      <footprint>esp32:ESP32_DEVKIT</footprint>
      <fields>
        <field name="MANUFACTURER">DOIT</field>
        <field name="MAXIMUM_PACKAGE_HEIGHT">6.8 mm</field>
        <field name="PARTREV">N/A</field>
        <field name="STANDARD">Manufacturer Recommendations</field>
      </fields>
      <libsource lib="esp32" part="ESP32-DEVKIT-V1" description=""/>
      <property name="MAXIMUM_PACKAGE_HEIGHT" value="6.8 mm"/>
      <property name="PARTREV" value="N/A"/>
      <property name="STANDARD" value="Manufacturer Recommendations"/>
      <property name="MANUFACTURER" value="DOIT"/>
      <property name="Sheetname" value=""/>
      <property name="Sheetfile" value="ESP32_APRS.kicad_sch"/>
      <sheetpath names="/" tstamps="/"/>
      <tstamps>d2a16c51-61c4-4f7a-9f3d-8c7c1820f503</tstamps>
    </comp>
  </components>
  <libparts>
    <libpart lib="Device" part="C">
      <description>Unpolarized capacitor</description>
      <docs>~</docs>
      <footprints>
        <fp>C_*</fp>
      </footprints>
      <fields>
        <field name="Reference">C</field>
        <field name="Value">C</field>
        <field name="Datasheet">~</field>
      </fields>
      <pins>
        <pin num="1" name="" type="passive"/>
        <pin num="2" name="" type="passive"/>
      </pins>
    </libpart>
    <libpart lib="Device" part="C_Polarized">
      <description>Polarized capacitor</description>
      <docs>~</docs>
      <footprints>
        <fp>CP_*</fp>
      </footprints>
      <fields>
        <field name="Reference">C</field>
        <field name="Value">C_Polarized</field>
        <field name="Datasheet">~</field>
      </fields>
      <pins>
        <pin num="1" name="" type="passive"/>
        <pin num="2" name="" type="passive"/>
      </pins>
    </libpart>
    <libpart lib="Device" part="LED">
      <description>Light emitting diode</description>
      <docs>~</docs>
      <footprints>
        <fp>LED*</fp>
        <fp>LED_SMD:*</fp>
        <fp>LED_THT:*</fp>
      </footprints>
      <fields>
        <field name="Reference">D</field>
        <field name="Value">LED</field>
        <field name="Datasheet">~</field>
      </fields>
      <pins>
        <pin num="1" name="K" type="passive"/>
        <pin num="2" name="A" type="passive"/>
      </pins>
    </libpart>
    <libpart lib="Device" part="R">
      <description>Resistor</description>
      <docs>~</docs>
      <footprints>
        <fp>R_*</fp>
      </footprints>
      <fields>
        <field name="Reference">R</field>
        <field name="Value">R</field>
        <field name="Datasheet">~</field>
      </fields>
      <pins>
        <pin num="1" name="" type="passive"/>
        <pin num="2" name="" type="passive"/>
      </pins>
    </libpart>
    <libpart lib="Device" part="R_Potentiometer">
      <description>Potentiometer</description>
      <docs>~</docs>
      <footprints>
        <fp>Potentiometer*</fp>
      </footprints>
      <fields>
        <field name="Reference">RV</field>
        <field name="Value">R_Potentiometer</field>
        <field name="Datasheet">~</field>
      </fields>
      <pins>
        <pin num="1" name="1" type="passive"/>
        <pin num="2" name="2" type="passive"/>
        <pin num="3" name="3" type="passive"/>
      </pins>
    </libpart>
    <libpart lib="Diode" part="1N4148">
      <description>100V 0.15A standard switching diode, DO-35</description>
      <docs>https://assets.nexperia.com/documents/data-sheet/1N4148_1N4448.pdf</docs>
      <footprints>
        <fp>D*DO?35*</fp>
      </footprints>
      <fields>
        <field name="Reference">D</field>
        <field name="Value">1N4148</field>
        <field name="Footprint">Diode_THT:D_DO-35_SOD27_P7.62mm_Horizontal</field>
        <field name="Datasheet">https://assets.nexperia.com/documents/data-sheet/1N4148_1N4448.pdf</field>
      </fields>
      <pins>
        <pin num="1" name="K" type="passive"/>
        <pin num="2" name="A" type="passive"/>
      </pins>
    </libpart>
    <libpart lib="Jumper" part="Jumper_2_Bridged">
      <description>Jumper, 2-pole, closed/bridged</description>
      <docs>~</docs>
      <footprints>
        <fp>Jumper*</fp>
        <fp>TestPoint*2Pads*</fp>
        <fp>TestPoint*Bridge*</fp>
      </footprints>
      <fields>
        <field name="Reference">JP</field>
        <field name="Value">Jumper_2_Bridged</field>
        <field name="Datasheet">~</field>
      </fields>
      <pins>
        <pin num="1" name="A" type="passive"/>
        <pin num="2" name="B" type="passive"/>
      </pins>
    </libpart>
    <libpart lib="PIN" part="INPUT">
      <footprints>
        <fp>SSD1306-128x64_OLED:SSD1306</fp>
      </footprints>
      <fields>
        <field name="Reference">Brd?</field>
        <field name="Value">INPUT</field>
      </fields>
      <pins>
        <pin num="1" name="GND" type="input"/>
        <pin num="2" name="VCC" type="input"/>
        <pin num="3" name="PTT" type="output"/>
        <pin num="4" name="SPK" type="input"/>
        <pin num="5" name="MIC" type="passive"/>
        <pin num="6" name="SQL" type="passive"/>
      </pins>
    </libpart>
    <libpart lib="RF_GPS" part="GPS">
      <footprints>
        <fp>SSD1306-128x64_OLED:SSD1306</fp>
      </footprints>
      <fields>
        <field name="Reference">Brd</field>
        <field name="Value">GPS</field>
      </fields>
      <pins>
        <pin num="1" name="VCC" type="input"/>
        <pin num="2" name="GND" type="input"/>
        <pin num="3" name="RXD" type="input"/>
        <pin num="4" name="TXD" type="output"/>
        <pin num="5" name="PPS" type="passive"/>
      </pins>
    </libpart>
    <libpart lib="Regulator_Linear" part="LM317_TO-220">
      <description>1.5A 35V Adjustable Linear Regulator, TO-220</description>
      <docs>http://www.ti.com/lit/ds/symlink/lm317.pdf</docs>
      <footprints>
        <fp>TO?220*</fp>
      </footprints>
      <fields>
        <field name="Reference">U</field>
        <field name="Value">LM317_TO-220</field>
        <field name="Footprint">Package_TO_SOT_THT:TO-220-3_Vertical</field>
        <field name="Datasheet">http://www.ti.com/lit/ds/symlink/lm317.pdf</field>
      </fields>
      <pins>
        <pin num="1" name="ADJ" type="input"/>
        <pin num="2" name="VO" type="power_out"/>
        <pin num="3" name="VI" type="power_in"/>
      </pins>
    </libpart>
    <libpart lib="Transistor_BJT" part="2N3904">
      <description>0.2A Ic, 40V Vce, Small Signal NPN Transistor, TO-92</description>
      <docs>https://www.onsemi.com/pub/Collateral/2N3903-D.PDF</docs>
      <footprints>
        <fp>TO?92*</fp>
      </footprints>
      <fields>
        <field name="Reference">Q</field>
        <field name="Value">2N3904</field>
        <field name="Footprint">Package_TO_SOT_THT:TO-92_Inline</field>
        <field name="Datasheet">https://www.onsemi.com/pub/Collateral/2N3903-D.PDF</field>
      </fields>
      <pins>
        <pin num="1" name="E" type="passive"/>
        <pin num="2" name="B" type="passive"/>
        <pin num="3" name="C" type="passive"/>
      </pins>
    </libpart>
    <libpart lib="esp32" part="ESP32-DEVKIT-V1">
      <fields>
        <field name="Reference">U</field>
        <field name="Value">ESP32-DEVKIT-V1</field>
        <field name="Footprint">MODULE_ESP32_DEVKIT_V1</field>
        <field name="MAXIMUM_PACKAGE_HEIGHT">6.8 mm</field>
        <field name="PARTREV">N/A</field>
        <field name="STANDARD">Manufacturer Recommendations</field>
        <field name="MANUFACTURER">DOIT</field>
      </fields>
      <pins>
        <pin num="1" name="VIN" type="input"/>
        <pin num="2" name="GND" type="power_in"/>
        <pin num="3" name="D13" type="bidirectional"/>
        <pin num="4" name="D12" type="bidirectional"/>
        <pin num="5" name="D14" type="bidirectional"/>
        <pin num="6" name="D27" type="bidirectional"/>
        <pin num="7" name="D26" type="bidirectional"/>
        <pin num="8" name="D25" type="bidirectional"/>
        <pin num="9" name="D33" type="bidirectional"/>
        <pin num="10" name="D32" type="bidirectional"/>
        <pin num="11" name="D35" type="bidirectional"/>
        <pin num="12" name="D34" type="bidirectional"/>
        <pin num="13" name="VN" type="bidirectional"/>
        <pin num="14" name="VP" type="bidirectional"/>
        <pin num="15" name="EN" type="input"/>
        <pin num="16" name="D23" type="bidirectional"/>
        <pin num="17" name="D22" type="bidirectional"/>
        <pin num="18" name="TX0" type="output"/>
        <pin num="19" name="RX0" type="input"/>
        <pin num="20" name="D21" type="bidirectional"/>
        <pin num="21" name="D19" type="bidirectional"/>
        <pin num="22" name="D18" type="bidirectional"/>
        <pin num="23" name="D5" type="bidirectional"/>
        <pin num="24" name="TX2" type="output"/>
        <pin num="25" name="RX2" type="input"/>
        <pin num="26" name="D4" type="bidirectional"/>
        <pin num="27" name="D2" type="bidirectional"/>
        <pin num="28" name="D15" type="bidirectional"/>
        <pin num="29" name="GND" type="power_in"/>
        <pin num="30" name="3V3" type="output"/>
      </pins>
    </libpart>
    <libpart lib="ms" part="Connector_Barrel_Jack_Switch_Pin3Ring">
      <footprints>
        <fp>BarrelJack*</fp>
      </footprints>
      <fields>
        <field name="Reference">J1</field>
        <field name="Value">SQL_PIN</field>
        <field name="Footprint">MS:SQL_PIN</field>
      </fields>
      <pins>
        <pin num="1" name="" type="passive"/>
        <pin num="2" name="" type="passive"/>
        <pin num="3" name="" type="passive"/>
      </pins>
    </libpart>
    <libpart lib="ms" part="Modular_Soldering_Station-rescue_SSD1306-SSD1306-128x64_OLED">
      <footprints>
        <fp>SSD1306-128x64_OLED:SSD1306</fp>
      </footprints>
      <fields>
        <field name="Reference">Brd</field>
        <field name="Value">SSD1306_1.3inch</field>
      </fields>
      <pins>
        <pin num="1" name="GND" type="input"/>
        <pin num="2" name="VCC" type="input"/>
        <pin num="3" name="SCL" type="input"/>
        <pin num="4" name="SDA" type="input"/>
      </pins>
    </libpart>
  </libparts>
  <libraries>
    <library logical="Device">
      <uri>C:\Program Files\KiCad\6.0\share\kicad\symbols\/Device.kicad_sym</uri>
    </library>
    <library logical="Diode">
      <uri>C:\Program Files\KiCad\6.0\share\kicad\symbols\/Diode.kicad_sym</uri>
    </library>
    <library logical="Jumper">
      <uri>C:\Program Files\KiCad\6.0\share\kicad\symbols\/Jumper.kicad_sym</uri>
    </library>
    <library logical="PIN">
      <uri>C:\Users\Hoox\Documents\KiCad\Kicad_Aprs_AIO_v1.0/INPUT_PINS.kicad_sym</uri>
    </library>
    <library logical="RF_GPS">
      <uri>C:\Program Files\KiCad\6.0\share\kicad\symbols\/RF_GPS.kicad_sym</uri>
    </library>
    <library logical="Regulator_Linear">
      <uri>C:\Program Files\KiCad\6.0\share\kicad\symbols\/Regulator_Linear.kicad_sym</uri>
    </library>
    <library logical="Transistor_BJT">
      <uri>C:\Program Files\KiCad\6.0\share\kicad\symbols\/Transistor_BJT.kicad_sym</uri>
    </library>
    <library logical="esp32">
      <uri>C:/Users/Hoox/Documents/KiCad/ESP32-DEVKIT-V1/ESP32-DEVKIT-V1.kicad_sym</uri>
    </library>
    <library logical="ms">
      <uri>C:/Users/Hoox/Documents/KiCad/Modular_Soldering_Station_V1.3/Modular_Soldering_Station-cache.lib</uri>
    </library>
  </libraries>
  <nets>
    <net code="1" name="GND">
      <node ref="Brd1" pin="1" pinfunction="GND" pintype="input"/>
      <node ref="Brd2" pin="1" pinfunction="GND" pintype="input"/>
      <node ref="Brd3" pin="2" pinfunction="GND" pintype="input"/>
      <node ref="C3" pin="2" pintype="passive"/>
      <node ref="C5" pin="1" pintype="passive"/>
      <node ref="C6" pin="2" pintype="passive"/>
      <node ref="C7" pin="2" pintype="passive"/>
      <node ref="C8" pin="2" pintype="passive"/>
      <node ref="D2" pin="2" pinfunction="A" pintype="passive"/>
      <node ref="J1" pin="1" pintype="passive"/>
      <node ref="Q1" pin="1" pinfunction="E" pintype="passive"/>
      <node ref="R1" pin="1" pintype="passive"/>
      <node ref="R4" pin="2" pintype="passive"/>
      <node ref="R7" pin="2" pintype="passive"/>
      <node ref="RV1" pin="3" pinfunction="3" pintype="passive"/>
      <node ref="RV2" pin="3" pinfunction="3" pintype="passive"/>
      <node ref="RX1" pin="1" pinfunction="K" pintype="passive"/>
      <node ref="TX1" pin="1" pinfunction="K" pintype="passive"/>
      <node ref="U2" pin="2" pinfunction="GND" pintype="power_in"/>
      <node ref="U2" pin="29" pinfunction="GND" pintype="power_in"/>
    </net>
    <net code="2" name="Net-(Brd1-Pad2)">
      <node ref="Brd1" pin="2" pinfunction="VCC" pintype="input"/>
      <node ref="JP1" pin="1" pinfunction="A" pintype="passive"/>
      <node ref="U1" pin="3" pinfunction="VI" pintype="power_in"/>
    </net>
    <net code="3" name="Net-(Brd1-Pad3)">
      <node ref="Brd1" pin="3" pinfunction="PTT" pintype="output"/>
      <node ref="R2" pin="1" pintype="passive"/>
    </net>
    <net code="4" name="Net-(Brd1-Pad4)">
      <node ref="Brd1" pin="4" pinfunction="SPK" pintype="input"/>
      <node ref="RV1" pin="1" pinfunction="1" pintype="passive"/>
    </net>
    <net code="5" name="Net-(Brd1-Pad5)">
      <node ref="Brd1" pin="5" pinfunction="MIC" pintype="passive"/>
      <node ref="C1" pin="1" pintype="passive"/>
    </net>
    <net code="6" name="Net-(Brd1-Pad6)">
      <node ref="Brd1" pin="6" pinfunction="SQL" pintype="passive"/>
      <node ref="J1" pin="2" pintype="passive"/>
      <node ref="J1" pin="3" pintype="passive"/>
      <node ref="R6" pin="1" pintype="passive"/>
    </net>
    <net code="7" name="Net-(Brd2-Pad2)">
      <node ref="Brd2" pin="2" pinfunction="VCC" pintype="input"/>
      <node ref="Brd3" pin="1" pinfunction="VCC" pintype="input"/>
      <node ref="C6" pin="1" pintype="passive"/>
      <node ref="RV3" pin="1" pinfunction="1" pintype="passive"/>
      <node ref="RV3" pin="2" pinfunction="2" pintype="passive"/>
      <node ref="U2" pin="30" pinfunction="3V3" pintype="output"/>
    </net>
    <net code="8" name="Net-(Brd2-Pad3)">
      <node ref="Brd2" pin="3" pinfunction="SCL" pintype="input"/>
      <node ref="U2" pin="17" pinfunction="D22" pintype="bidirectional"/>
    </net>
    <net code="9" name="Net-(Brd2-Pad4)">
      <node ref="Brd2" pin="4" pinfunction="SDA" pintype="input"/>
      <node ref="U2" pin="20" pinfunction="D21" pintype="bidirectional"/>
    </net>
    <net code="10" name="Net-(Brd3-Pad3)">
      <node ref="Brd3" pin="3" pinfunction="RXD" pintype="input"/>
      <node ref="U2" pin="24" pinfunction="TX2" pintype="output"/>
    </net>
    <net code="11" name="Net-(Brd3-Pad4)">
      <node ref="Brd3" pin="4" pinfunction="TXD" pintype="output"/>
      <node ref="U2" pin="25" pinfunction="RX2" pintype="input"/>
    </net>
    <net code="12" name="Net-(C1-Pad2)">
      <node ref="C1" pin="2" pintype="passive"/>
      <node ref="RV2" pin="2" pinfunction="2" pintype="passive"/>
    </net>
    <net code="13" name="Net-(C2-Pad1)">
      <node ref="C2" pin="1" pintype="passive"/>
      <node ref="RV1" pin="2" pinfunction="2" pintype="passive"/>
    </net>
    <net code="14" name="Net-(C2-Pad2)">
      <node ref="C2" pin="2" pintype="passive"/>
      <node ref="D1" pin="2" pinfunction="A" pintype="passive"/>
      <node ref="D2" pin="1" pinfunction="K" pintype="passive"/>
      <node ref="R3" pin="2" pintype="passive"/>
      <node ref="R4" pin="1" pintype="passive"/>
      <node ref="U2" pin="14" pinfunction="VP" pintype="bidirectional"/>
    </net>
    <net code="15" name="Net-(C3-Pad1)">
      <node ref="C3" pin="1" pintype="passive"/>
      <node ref="R6" pin="2" pintype="passive"/>
      <node ref="U2" pin="9" pinfunction="D33" pintype="bidirectional"/>
    </net>
    <net code="16" name="Net-(C4-Pad1)">
      <node ref="C4" pin="1" pintype="passive"/>
      <node ref="R8" pin="1" pintype="passive"/>
    </net>
    <net code="17" name="Net-(C4-Pad2)">
      <node ref="C4" pin="2" pintype="passive"/>
      <node ref="C5" pin="2" pintype="passive"/>
      <node ref="R10" pin="1" pintype="passive"/>
    </net>
    <net code="18" name="Net-(C7-Pad1)">
      <node ref="C7" pin="1" pintype="passive"/>
      <node ref="C8" pin="1" pintype="passive"/>
      <node ref="D1" pin="1" pinfunction="K" pintype="passive"/>
      <node ref="R3" pin="1" pintype="passive"/>
      <node ref="RV3" pin="3" pinfunction="3" pintype="passive"/>
    </net>
    <net code="19" name="Net-(JP1-Pad2)">
      <node ref="JP1" pin="2" pinfunction="B" pintype="passive"/>
      <node ref="R5" pin="1" pintype="passive"/>
      <node ref="U1" pin="2" pinfunction="VO" pintype="power_out"/>
      <node ref="U2" pin="1" pinfunction="VIN" pintype="input"/>
    </net>
    <net code="20" name="Net-(Q1-Pad2)">
      <node ref="Q1" pin="2" pinfunction="B" pintype="passive"/>
      <node ref="R7" pin="1" pintype="passive"/>
      <node ref="R9" pin="1" pintype="passive"/>
    </net>
    <net code="21" name="Net-(Q1-Pad3)">
      <node ref="Q1" pin="3" pinfunction="C" pintype="passive"/>
      <node ref="R2" pin="2" pintype="passive"/>
    </net>
    <net code="22" name="Net-(R1-Pad2)">
      <node ref="R1" pin="2" pintype="passive"/>
      <node ref="R5" pin="2" pintype="passive"/>
      <node ref="U1" pin="1" pinfunction="ADJ" pintype="input"/>
    </net>
    <net code="23" name="Net-(R8-Pad2)">
      <node ref="R8" pin="2" pintype="passive"/>
      <node ref="RV2" pin="1" pinfunction="1" pintype="passive"/>
    </net>
    <net code="24" name="Net-(R9-Pad2)">
      <node ref="R9" pin="2" pintype="passive"/>
      <node ref="U2" pin="10" pinfunction="D32" pintype="bidirectional"/>
    </net>
    <net code="25" name="Net-(R10-Pad2)">
      <node ref="R10" pin="2" pintype="passive"/>
      <node ref="U2" pin="7" pinfunction="D26" pintype="bidirectional"/>
    </net>
    <net code="26" name="Net-(RX1-Pad2)">
      <node ref="RX1" pin="2" pinfunction="A" pintype="passive"/>
      <node ref="TX2" pin="1" pintype="passive"/>
    </net>
    <net code="27" name="Net-(RX2-Pad1)">
      <node ref="RX2" pin="1" pintype="passive"/>
      <node ref="TX1" pin="2" pinfunction="A" pintype="passive"/>
    </net>
    <net code="28" name="Net-(RX2-Pad2)">
      <node ref="RX2" pin="2" pintype="passive"/>
      <node ref="U2" pin="26" pinfunction="D4" pintype="bidirectional"/>
    </net>
    <net code="29" name="Net-(TX2-Pad2)">
      <node ref="TX2" pin="2" pintype="passive"/>
      <node ref="U2" pin="27" pinfunction="D2" pintype="bidirectional"/>
    </net>
    <net code="30" name="unconnected-(Brd3-Pad5)">
      <node ref="Brd3" pin="5" pinfunction="PPS" pintype="passive"/>
    </net>
    <net code="31" name="unconnected-(U2-Pad3)">
      <node ref="U2" pin="3" pinfunction="D13" pintype="bidirectional"/>
    </net>
    <net code="32" name="unconnected-(U2-Pad4)">
      <node ref="U2" pin="4" pinfunction="D12" pintype="bidirectional"/>
    </net>
    <net code="33" name="unconnected-(U2-Pad5)">
      <node ref="U2" pin="5" pinfunction="D14" pintype="bidirectional"/>
    </net>
    <net code="34" name="unconnected-(U2-Pad6)">
      <node ref="U2" pin="6" pinfunction="D27" pintype="bidirectional"/>
    </net>
    <net code="35" name="unconnected-(U2-Pad8)">
      <node ref="U2" pin="8" pinfunction="D25" pintype="bidirectional"/>
    </net>
    <net code="36" name="unconnected-(U2-Pad11)">
      <node ref="U2" pin="11" pinfunction="D35" pintype="bidirectional"/>
    </net>
    <net code="37" name="unconnected-(U2-Pad12)">
      <node ref="U2" pin="12" pinfunction="D34" pintype="bidirectional"/>
    </net>
    <net code="38" name="unconnected-(U2-Pad13)">
      <node ref="U2" pin="13" pinfunction="VN" pintype="bidirectional"/>
    </net>
    <net code="39" name="unconnected-(U2-Pad15)">
      <node ref="U2" pin="15" pinfunction="EN" pintype="input"/>
    </net>
    <net code="40" name="unconnected-(U2-Pad16)">
      <node ref="U2" pin="16" pinfunction="D23" pintype="bidirectional"/>
    </net>
    <net code="41" name="unconnected-(U2-Pad18)">
      <node ref="U2" pin="18" pinfunction="TX0" pintype="output"/>
    </net>
    <net code="42" name="unconnected-(U2-Pad19)">
      <node ref="U2" pin="19" pinfunction="RX0" pintype="input"/>
    </net>
    <net code="43" name="unconnected-(U2-Pad21)">
      <node ref="U2" pin="21" pinfunction="D19" pintype="bidirectional"/>
    </net>
    <net code="44" name="unconnected-(U2-Pad22)">
      <node ref="U2" pin="22" pinfunction="D18" pintype="bidirectional"/>
    </net>
    <net code="45" name="unconnected-(U2-Pad23)">
      <node ref="U2" pin="23" pinfunction="D5" pintype="bidirectional"/>
    </net>
    <net code="46" name="unconnected-(U2-Pad28)">
      <node ref="U2" pin="28" pinfunction="D15" pintype="bidirectional"/>
    </net>
  </nets>
</export>
