"Source:","C:\Users\Hoox\Documents\KiCad\Kicad_Aprs_AIO_v1.1\ESP32_APRS.kicad_sch"
"Date:","18.03.2023 01:43:38"
"Tool:","Eeschema (6.0.9)"
"Generator:","C:\Program Files\KiCad\6.0\bin\scripting\plugins/bom_csv_grouped_by_value_with_fp.py"
"Component Count:","43"
"Ref","Qnty","Value","Cmp name","Footprint","Description","Vendor"
"Brd1, ","1","INPUT","INPUT","Connector_JST:JST_XH_B6B-XH-AM_1x06_P2.50mm_Vertical","",""
"Brd3, ","1","GPS","GPS","Connector_PinHeader_2.54mm:PinHeader_1x04_P2.54mm_Vertical","",""
"Brd4, ","1","SSD1306_1.3'","Modular_Soldering_Station-rescue_SSD1306-SSD1306-128x64_OLED_1","MS:OLED_SSD_1306","",""
"BZ1, ","1","Buzzer","Buzzer","Buzzer_Beeper:Buzzer_12x9.5RM7.6","Buzzer, polarized",""
"C1, C2, C3, C4, C7, C9, ","6","0.1u","C","Capacitor_THT:C_Disc_D3.4mm_W2.1mm_P2.50mm","Unpolarized capacitor",""
"C5, ","1","10nF","C","Capacitor_THT:C_Disc_D3.4mm_W2.1mm_P2.50mm","Unpolarized capacitor",""
"C6, ","1","470uF","C_Polarized","Capacitor_THT:CP_Radial_D5.0mm_P2.50mm","Polarized capacitor",""
"C8, ","1","100uF","C_Polarized","Capacitor_THT:CP_Radial_D5.0mm_P2.50mm","Polarized capacitor",""
"C10, ","1","10u","C","Capacitor_THT:C_Disc_D3.4mm_W2.1mm_P2.50mm","Unpolarized capacitor",""
"D1, D2, ","2","1N4148","1N4148","Diode_THT:D_T-1_P5.08mm_Horizontal","100V 0.15A standard switching diode, DO-35",""
"J1, ","1","SQL","Conn_01x02","Jumper:SolderJumper-2_P1.3mm_Open_Pad1.0x1.5mm","Generic connector, single row, 01x02, script generated (kicad-library-utils/schlib/autogen/connector/)",""
"J2, ","1","Conn_02x03","Conn_02x03_Odd_Even","Connector_PinHeader_2.54mm:PinHeader_2x03_P2.54mm_Vertical","Generic connector, double row, 02x03, odd/even pin numbering scheme (row 1 odd numbers, row 2 even numbers), script generated (kicad-library-utils/schlib/autogen/connector/)",""
"J3, ","1","Conn_01x02_Male","Conn_01x02_Male","Connector_PinHeader_2.54mm:PinHeader_1x02_P2.54mm_Vertical","Generic connector, single row, 01x02, script generated (kicad-library-utils/schlib/autogen/connector/)",""
"JP1, ","1","5v","Jumper_2_Bridged","Jumper:SolderJumper-2_P1.3mm_Open_Pad1.0x1.5mm","Jumper, 2-pole, closed/bridged",""
"JP2, JP3, ","2","Jumper_3_Bridged12","Jumper_3_Bridged12","Jumper:SolderJumper-3_P1.3mm_Bridged12_Pad1.0x1.5mm","Jumper, 3-pole, pins 1+2 closed/bridged",""
"Q1, ","1","2N3904","2N3904","Package_TO_SOT_THT:TO-92L_Inline_Wide","0.2A Ic, 40V Vce, Small Signal NPN Transistor, TO-92",""
"R1, ","1","470R","R","Resistor_THT:R_Axial_DIN0204_L3.6mm_D1.6mm_P2.54mm_Vertical","Resistor",""
"R2, R11, ","2","100R","R","Resistor_THT:R_Axial_DIN0204_L3.6mm_D1.6mm_P2.54mm_Vertical","Resistor",""
"R3, R4, R7, ","3","10k","R","Resistor_THT:R_Axial_DIN0204_L3.6mm_D1.6mm_P2.54mm_Vertical","Resistor",""
"R5, ","1","150R","R","Resistor_THT:R_Axial_DIN0204_L3.6mm_D1.6mm_P2.54mm_Vertical","Resistor",""
"R6, R9, R10, ","3","1k","R","Resistor_THT:R_Axial_DIN0204_L3.6mm_D1.6mm_P2.54mm_Vertical","Resistor",""
"R8, ","1","3k","R","Resistor_THT:R_Axial_DIN0204_L3.6mm_D1.6mm_P2.54mm_Vertical","Resistor",""
"R12, ","1","33k","R","Resistor_THT:R_Axial_DIN0204_L3.6mm_D1.6mm_P2.54mm_Vertical","Resistor",""
"RV1, ","1","10k","R_Potentiometer","Potentiometer_THT:Potentiometer_Bourns_3386P_Vertical","Potentiometer",""
"RV2, ","1","1k","R_Potentiometer","Potentiometer_THT:Potentiometer_Bourns_3386P_Vertical","Potentiometer",""
"RX1, ","1","LED","LED","LED_THT:LED_D3.0mm","Light emitting diode",""
"RX2, ","1","1k","R","Resistor_THT:R_Axial_DIN0204_L3.6mm_D1.6mm_P5.08mm_Horizontal","Resistor",""
"TX1, ","1","LED","LED","LED_THT:LED_D3.0mm","Light emitting diode",""
"TX2, ","1","1k","R","Resistor_THT:R_Axial_DIN0204_L3.6mm_D1.6mm_P5.08mm_Horizontal","Resistor",""
"U1, ","1","LM317","LM317_TO-220","Package_TO_SOT_THT:TO-220-3_Vertical","1.5A 35V Adjustable Linear Regulator, TO-220",""
"U2, ","1","ESP32-DEVKIT-V1","ESP32-DEVKIT-V1","esp32:ESP32_DEVKIT","",""
